Appointment_ID,Patient_ID,Doctor,Department,Date,Time,Status
1,1,Abdelrahman Tariq,Cardiology,2026-10-01,9:00 AM,Completed
2,5,Mostafa El-Sayed,Neurology,2026-10-01,10:30 AM,Booked
3,10,Ibrahim Youssef,Orthopedics,2026-10-02,11:15 AM,Completed
4,12,Mohamed Mahmoud,Dermatology,2026-10-02,1:00 PM,Cancelled
5,15,Mahmoud Abdallah,Psychiatry,2026-10-03,2:45 PM,Completed
6,20,Yasmine El-Shabrawy,Ophthalmology,2026-10-04,9:30 AM,Completed
7,18,Khaled El-Gohary,Gastroenterology,2026-11-1,8:00 PM,Booked
8,2,Sherine Abdelaziz,Endocrinology,2026-10-05,3:15 PM,Completed
9,7,Tarek El-Desouky,Pulmonology,2026-10-05,4:30 PM,Cancelled
10,3,Hossam El-Din,Rheumatology,2026-10-06,10:00 AM,Booked
11,19,Abdelrahman Tariq,Cardiology,2026-10-07,11:45 AM,Completed
12,4,Mostafa El-Sayed,Neurology,2026-10-08,1:30 PM,Cancelled
13,17,Ibrahim Youssef,Orthopedics,2026-10-09,9:15 AM,Completed
14,11,Mohamed Mahmoud,Dermatology,2026-10-10,10:45 AM,Cancelled
15,8,Mahmoud Abdallah,Psychiatry,2026-10-11,2:00 PM,Booked
16,6,Yasmine El-Shabrawy,Ophthalmology,2026-10-12,3:45 PM,Completed
17,14,Khaled El-Gohary,Gastroenterology,2026-10-13,11:30 AM,Booked
18,13,Sherine Abdelaziz,Endocrinology,2026-10-14,1:15 PM,Completed
19,20,Tarek El-Desouky,Pulmonology,2026-10-15,4:00 PM,Cancelled
20,9,Hossam El-Din,Rheumatology,2026-10-16,9:45 AM,Booked
21,16,Abdelrahman Tariq,Cardiology,2026-10-17,12:30 PM,Completed
22,5,Ibrahim Youssef,Orthopedics,2026-10-18,2:15 PM,Booked
23,1,Mohamed Mahmoud,Dermatology,2026-10-19,10:00 AM,Completed
24,7,Mahmoud Abdallah,Psychiatry,2026-10-19,1:30 PM,Booked
25,12,Khaled El-Gohary,Gastroenterology,2026-10-20,11:00 AM,Cancelled
26,10,Tarek El-Desouky,Pulmonology,2026-10-21,9:45 AM,Booked
27,2,Mohamed Mahmoud,Ophthalmology,2026-9-25,2:00 PM,Booked