ID,Name,Age,Phone
1,Eslam Abdelrahman,29,01011224455
2,Farah Mahmoud,34,01122445566
3,Youssef El-Sayed,42,01233556677
4,Hoda Abdelaziz,51,01544667788
5,Sameh El-Gohary,38,01055778899
6,Nada Mostafa,26,01166889900
7,Yasser Ibrahim,47,01277990011
8,Heba El-Shabrawy,31,01588001122
9,Ihab El-Desouky,55,01099112233
10,Rania Abdallah,24,01100223344
11,Maged Suleiman,60,01211334455
12,Safaa El-Din,49,01522445566
13,Hazem Radwan,35,01033556677
14,Inas Youssef,28,01144667788
15,Hossam Shaaban,43,01255778899
16,Mariam Hassanein,22,01566889900
17,Essam El-Khouly,53,01077990011
18,Shaimaa Zaghlool,37,01188001122
19,Ayman Darwish,46,01299112233
20,Basma Tawfiq,30,01500223344
